model_name,f1,roc_auc
T5-en-en,0.4733514001806685,0.632895793192036
T5-en-de,0.3054892601431981,0.5686274509803921
T5-en-hi,0.6340945300053107,0.5158288224589385
T5-en-si,0.5847750865051903,0.5141401340231242
mT5-en-en,0.3249299719887955,0.5221981374438022
mT5-en-de,0.23721881390593044,0.5066526610644257
mT5-en-hi,0.4370044052863436,0.5072027169566377
mT5-en-si,0.43142857142857144,0.5147680057405414
