model_name,f1,precision,recall,roc_auc,fpr,tpr
LogReg-MMHS150K-en,0.45574057843996496,0.38088262223036073,0.5672211617125715,0.6604541421714,"[0.00000000e+00 0.00000000e+00 2.65111347e-04 ... 9.99381407e-01
 9.99381407e-01 1.00000000e+00]","[0.00000000e+00 2.72702482e-04 2.72702482e-04 ... 9.99727298e-01
 1.00000000e+00 1.00000000e+00]"
RanFor-MMHS150K-en,0.3185686989751606,0.438755980861244,0.2500681756203981,0.6226278306136828,[0.         0.0155532  0.0155532  ... 0.85966773 0.85993284 1.        ],[0.         0.02672484 0.02699755 ... 0.89719116 0.89719116 1.        ]
Dummy-MMHS150K-en,0.0,0.0,0.0,0.5,[0. 1.],[0. 1.]
