model_name,f1,precision,recall,roc_auc,fpr,tpr
T5-RedditGab-en,0.840939778557926,0.8974063400576369,0.7911585365853658,0.8685029068688922,[0.         0.05415272 1.        ],[0.         0.79115854 1.        ]
T5-SentiNews-si,0.34948096885813146,0.452914798206278,0.28450704225352114,0.5177637252083933,[0.         0.24897959 1.        ],[0.         0.28450704 1.        ]
T5-X-en,0.8292816920752644,0.9025411061285501,0.7670223577235772,0.8587165332883173,[0.         0.04958929 1.        ],[0.         0.76702236 1.        ]
T5-X-si,0.06299212598425197,0.46153846153846156,0.03380281690140845,0.50261569416499,[0.         0.02857143 1.        ],[0.         0.03380282 1.        ]
mT5-RedditGab-en,0.0,0.0,0.0,0.4998478856099787,[0.0000000e+00 3.0422878e-04 1.0000000e+00],[0. 0. 1.]
mT5-SentiNews-si,0.0,0.0,0.0,0.5,[0. 1.],[0. 1.]
mT5-X-en,0.0,0.0,0.0,0.4998478856099787,[0.0000000e+00 3.0422878e-04 1.0000000e+00],[0. 0. 1.]
mT5-X-si,0.0,0.0,0.0,0.5,[0. 1.],[0. 1.]
