model_name,f1,roc_auc
BERT-HASOC-en,0.6442432082794307,0.8880338792549776
BERT-HASOC-de,0.2426229508196721,0.6520740649200858
BERT-HASOC-hi,0.013050570962479607,0.5820998458382113
BERT-SentiNews-si,0.07692307692307693,0.5593426336926655
mBERT-HASOC-en,0.6230366492146596,0.8650168593448939
mBERT-HASOC-de,0.3921568627450981,0.7148212226066897
mBERT-HASOC-hi,0.37513873473917864,0.576893118356844
mBERT-SentiNews-si,0.052478134110787174,0.5214190093708166
