model_name,f1,precision,recall,roc_auc
LogReg-HASOC-en,0.5078299776286354,0.37458745874587457,0.7881944444444444,0.7481735709698137
LogReg-SentiNews-si,0.0979381443298969,0.35185185185185186,0.05688622754491018,0.4895063102757303
LogReg-SentiNews-si-aligned,0.3751987281399046,0.4,0.3532934131736527,0.5351957533074752
RanFor-HASOC-en,0.4415584415584416,0.5862068965517241,0.3541666666666667,0.7451710019267822
RanFor-SentiNews-si,0.20861678004535147,0.42990654205607476,0.1377245508982036,0.5003837725722724
RanFor-SentiNews-si-aligned,0.05157593123209169,0.6,0.02694610778443114,0.5273650350961482
