,Classifier,Accuracy,Precision,F1-score
0,LogisticRegression,0.9000923645320197,0.9000923645320197,0.9000923645320197
1,SVM,0.8951662561576355,0.8951662561576355,0.8951662561576355
2,MultinomialNB,0.8445581896551724,0.8445581896551724,0.8445581896551724
